date,SP500_adjusted,Russell2000_adjusted,lag_SP500,lead_SP500,diff_SP500,lag_Russell,lead_Russell,diff_Russell,positive_score,negative_score,score
2003-01-29,864.359985351562,374.839996337891,NA,866.450012207031,NA,NA,368,NA,2,0,1
2003-03-18,866.450012207031,368,864.359985351562,934.390014648438,8.10195178903296,374.839996337891,412.75,10.113649565809904,2,1,0.3333333333333333
2003-05-06,934.390014648438,412.75,866.450012207031,975.320007324219,12.565063602442928,368,443.209991455078,20.43749767801033,6,3,0.3333333333333333
2003-06-25,975.320007324219,443.209991455078,934.390014648438,990.349975585938,5.988929682489683,412.75,466.950012207031,13.13143845112805,4,2,0.3333333333333333
2003-08-12,990.349975585938,466.950012207031,975.320007324219,1029.31994628906,5.536638083841767,443.209991455078,515.659973144531,16.34664901203976,1,2,-0.3333333333333333
2003-09-16,1029.31994628906,515.659973144531,990.349975585938,1046.7900390625,5.699001854689746,466.950012207031,525.849975585938,12.613762038578239,1,3,-0.5
2003-10-28,1046.7900390625,525.849975585938,1029.31994628906,1060.18005371094,2.9981064228996956,515.659973144531,534.539978027344,3.6613283687080362,2,2,0
2003-12-09,1060.18005371094,534.539978027344,1046.7900390625,1128.47998046875,7.803851618554863,525.849975585938,583.909973144531,11.04117148506067,2,2,0
2004-01-28,1128.47998046875,583.909973144531,1060.18005371094,1110.69995117188,4.76521863282615,534.539978027344,566.640014648438,6.00517041579478,2,2,0
2004-03-16,1110.69995117188,566.640014648438,1128.47998046875,1119.55004882812,-0.7913238865718,583.909973144531,569.640014648438,-2.4438627789220737,1,5,-0.6666666666666666
2004-05-04,1119.55004882812,569.640014648438,1110.69995117188,1140.83996582031,2.713605471633432,566.640014648438,591.52001953125,4.390795609139678,2,0,1
2004-06-30,1140.83996582031,591.52001953125,1119.55004882812,1079.0400390625,-3.6184188288878665,569.640014648438,529.830017089844,-6.9886237860525515,3,0,1
2004-08-10,1079.0400390625,529.830017089844,1140.83996582031,1129.30004882812,-1.0115281141901733,591.52001953125,576.919982910156,-2.4682235831449586,4,1,0.6
2004-09-21,1129.30004882812,576.919982910156,1079.0400390625,1162.91003417969,7.772649028858892,529.830017089844,609.609985351562,15.05765352818613,5,0,1
2004-11-10,1162.91003417969,609.609985351562,1129.30004882812,1203.38000488281,6.559811640100708,576.919982910156,643.539978027344,11.547527749192684,4,0,1
2004-12-14,1203.38000488281,643.539978027344,1162.91003417969,1193.18994140625,2.6038047945746094,609.609985351562,631.97998046875,3.6695585135940942,5,0,1
2005-02-02,1193.18994140625,631.97998046875,1203.38000488281,1171.7099609375,-2.6317575343454505,643.539978027344,618.580017089844,-3.8785408505638252,4,0,1
2005-03-22,1171.7099609375,618.580017089844,1193.18994140625,1161.17004394531,-2.6835540888990836,631.97998046875,584.47998046875,-7.516060867112984,4,0,1
2005-05-03,1161.17004394531,584.47998046875,1171.7099609375,1191.32995605469,1.6744754052864579,618.580017089844,639.659973144531,3.407797774305623,3,1,0.5
2005-06-30,1191.32995605469,639.659973144531,1161.17004394531,1231.38000488281,6.04648400151174,584.47998046875,660.47998046875,13.003011658166356,3,0,1
2005-08-09,1231.38000488281,660.47998046875,1191.32995605469,1221.33996582031,2.519034261927209,639.659973144531,660.630004882812,3.278309198431406,5,0,1
2005-09-20,1221.33996582031,660.630004882812,1231.38000488281,1202.76000976562,-2.324221199280701,660.47998046875,643.02001953125,-2.643526140657355,5,7,-0.16666666666666666
2005-11-01,1202.76000976562,643.02001953125,1221.33996582031,1267.43005371094,3.773731244410209,660.630004882812,689.030029296875,4.298930445809948,3,2,0.2
2005-12-13,1267.43005371094,689.030029296875,1202.76000976562,1280.07995605469,6.428543155848457,643.02001953125,733.200012207031,14.024445575041444,2,1,0.3333333333333333
2006-01-31,1280.07995605469,733.200012207031,1267.43005371094,1293.22998046875,2.035609514092691,689.030029296875,751.27001953125,9.03298660261414,2,0,1
2006-03-28,1293.22998046875,751.27001953125,1280.07995605469,1322.84997558594,3.3411990656482633,733.200012207031,775.940002441406,5.829240251336311,4,1,0.6
2006-05-10,1322.84997558594,775.940002441406,1293.22998046875,1272.86999511719,-1.5743514811016233,751.27001953125,714.320007324219,-4.918339777499139,3,1,0.5
2006-06-29,1272.86999511719,714.320007324219,1322.84997558594,1271.47998046875,-3.8832820096954905,775.940002441406,687.469970703125,-11.40165882154809,3,1,0.5
2006-08-08,1271.47998046875,687.469970703125,1272.86999511719,1325.18005371094,4.109615184144076,714.320007324219,734.47998046875,2.8222607427794917,1,1,0
2006-09-20,1325.18005371094,734.47998046875,1271.47998046875,1382.21997070312,8.70953471037303,687.469970703125,767.150024414062,11.590332248176967,0,0,NA
2006-10-25,1382.21997070312,767.150024414062,1325.18005371094,1411.56005859375,6.5183598742614315,734.47998046875,788.409973144531,7.342608935557718,0,1,-1
2006-12-12,1411.56005859375,788.409973144531,1382.21997070312,1438.23999023438,4.052901905531233,767.150024414062,800.340026855469,4.326403100457042,0,1,-1
2007-01-31,1438.23999023438,800.340026855469,1411.56005859375,1435.0400390625,1.6634064080944353,788.409973144531,807.469970703125,2.417523649856203,2,0,1
2007-03-21,1435.0400390625,807.469970703125,1438.23999023438,1512.57995605469,5.168815102144068,800.340026855469,834.77001953125,4.301920623794895,0,2,-1
2007-05-09,1512.57995605469,834.77001953125,1435.0400390625,1505.7099609375,4.924595826689831,807.469970703125,839.039978027344,3.909743825733679,0,3,-1
2007-06-28,1505.7099609375,839.039978027344,1512.57995605469,1476.7099609375,-2.371444562226703,834.77001953125,774.130004882812,-7.264277972331739,2,2,0
2007-08-07,1476.7099609375,774.130004882812,1505.7099609375,1453.64001464844,-3.4581657583403174,839.039978027344,788.780029296875,-5.990173298849775,1,4,-0.6
2007-08-10,1453.64001464844,788.780029296875,1476.7099609375,1445.93994140625,-2.0836874095245776,774.130004882812,786.030029296875,1.5372126566602184,0,0,NA
2007-08-17,1445.93994140625,786.030029296875,1453.64001464844,1519.78002929688,4.5499583103066845,788.780029296875,806.630004882812,2.2629852332656877,0,3,-1
2007-09-18,1519.78002929688,806.630004882812,1445.93994140625,1549.38000488281,7.153828489996568,786.030029296875,828.02001953125,5.342033849767314,2,5,-0.42857142857142855
2007-10-31,1549.38000488281,828.02001953125,1519.78002929688,1477.65002441406,-2.7721120208633927,806.630004882812,766.27001953125,-5.003531372159356,2,6,-0.5
2007-12-11,1477.65002441406,766.27001953125,1549.38000488281,1310.5,-15.417780281789431,828.02001953125,671.570007324219,-18.89447217660255,2,4,-0.3333333333333333
2008-01-22,1310.5,671.570007324219,1477.65002441406,1355.81005859375,-8.245522539657104,766.27001953125,695.489990234375,-9.236956620092384,0,4,-1
2008-01-30,1355.81005859375,695.489990234375,1310.5,1320.65002441406,0.7745154074063333,671.570007324219,673.809997558594,0.3335453057678889,0,2,-1
2008-03-11,1320.65002441406,673.809997558594,1355.81005859375,1330.73999023438,-1.8490841103047093,695.489990234375,681.929992675781,-1.9497042012099064,1,0,1
2008-03-18,1330.73999023438,681.929992675781,1320.65002441406,1385.58996582031,4.917271056354408,673.809997558594,716.179992675781,6.288122062703973,0,6,-1
2008-04-30,1385.58996582031,716.179992675781,1330.73999023438,1321.96997070312,-0.6590332894193224,681.929992675781,716.299987792969,5.0401060939299285,1,5,-0.6666666666666666
2008-06-25,1321.96997070312,716.299987792969,1385.58996582031,1284.88000488281,-7.268381225457038,716.179992675781,721.039978027344,0.6785983134498283,1,4,-0.6
2008-08-05,1284.88000488281,721.039978027344,1321.96997070312,1213.59997558594,-8.197613979048324,716.299987792969,710.650024414062,-0.78877055356588,1,4,-0.6
2008-09-16,1213.59997558594,710.650024414062,1284.88000488281,984.940002441406,-23.343814309629686,721.039978027344,546.570007324219,-24.196989906225223,1,6,-0.7142857142857143
2008-10-08,984.940002441406,546.570007324219,1213.59997558594,930.090026855469,-23.3610707344971,710.650024414062,490.880004882812,-30.925211001357894,2,12,-0.7142857142857143
2008-10-29,930.090026855469,490.880004882812,984.940002441406,913.179992675781,-7.285723961637348,546.570007324219,482.850006103516,-11.658159131828285,2,7,-0.5555555555555556
2008-12-16,913.179992675781,482.850006103516,930.090026855469,874.090026855469,-6.020922532556313,490.880004882812,473.019989013672,-3.638366951492296,2,8,-0.6
2009-01-28,874.090026855469,473.019989013672,913.179992675781,794.349975585938,-13.012770542820352,482.850006103516,417.630004882812,-13.507300485923949,8,6,0.14285714285714285
2009-03-18,794.349975585938,417.630004882812,874.090026855469,873.640014648438,-0.05148350778579839,473.019989013672,491.470001220703,3.900471996014898,6,8,-0.14285714285714285
2009-04-29,873.640014648438,491.470001220703,794.349975585938,900.940002441406,13.418522078614512,417.630004882812,494.950012207031,18.513997179372975,8,9,-0.058823529411764705
2009-06-24,900.940002441406,494.950012207031,873.640014648438,1005.80999755859,15.128654902939473,491.470001220703,572.169982910156,16.420123606529813,8,5,0.23076923076923078
2009-08-12,1005.80999755859,572.169982910156,900.940002441406,1060.86999511719,17.751458725597573,494.950012207031,613.369995117188,23.925645012535814,9,5,0.2857142857142857
2009-09-23,1060.86999511719,613.369995117188,1005.80999755859,1046.5,4.045495922706788,572.169982910156,563.119995117188,-1.5816956609534558,11,8,0.15789473684210525
2009-11-04,1046.5,563.119995117188,1060.86999511719,1109.18005371094,4.553815153233114,613.369995117188,611.210021972656,-0.35214848488297124,10,6,0.25
2009-12-16,1109.18005371094,611.210021972656,1046.5,1097.5,4.873387482083134,563.119995117188,618.380004882812,9.813185510154762,13,7,0.3
2010-01-27,1097.5,618.380004882812,1109.18005371094,1159.4599609375,4.533069906760448,611.210021972656,679.580017089844,11.1860068813215,9,4,0.38461538461538464
2010-03-16,1159.4599609375,679.580017089844,1097.5,1191.35998535156,8.552162674401822,618.380004882812,722.390014648438,16.81975628971649,9,5,0.2857142857142857
2010-04-28,1191.35998535156,722.390014648438,1159.4599609375,1092.0400390625,-5.814769301777919,679.580017089844,644.25,-5.198801642393374,8,5,0.23076923076923078
2010-06-23,1092.0400390625,644.25,1191.35998535156,1121.06005859375,-5.900813156576272,722.390014648438,646.359985351562,-10.52478962266347,6,5,0.09090909090909091
2010-08-10,1121.06005859375,646.359985351562,1092.0400390625,1139.78002929688,4.371633688025218,644.25,664.659973144531,3.1680206665938724,6,5,0.09090909090909091
2010-09-21,1139.78002929688,664.659973144531,1121.06005859375,1197.9599609375,6.859570257120097,646.359985351562,715.140014648438,10.64113355647561,7,7,0
2010-11-03,1197.9599609375,715.140014648438,1139.78002929688,1241.58996582031,8.932419757015362,664.659973144531,771.659973144531,16.098457004079698,9,11,-0.1
2010-12-14,1241.58996582031,771.659973144531,1197.9599609375,1296.63000488281,8.23650599040829,715.140014648438,793.719970703125,10.988051912228245,10,13,-0.13043478260869565
2011-01-26,1296.63000488281,793.719970703125,1241.58996582031,1281.86999511719,3.244229609270985,771.659973144531,791.330017089844,2.5490558834038133,10,9,0.05263157894736842
2011-03-15,1281.86999511719,791.330017089844,1296.63000488281,1355.66003417969,4.552573137640384,793.719970703125,858.309997558594,8.13763408249023,9,4,0.38461538461538464
2011-04-27,1355.66003417969,858.309997558594,1281.86999511719,1287.14001464844,0.41111965732283245,791.330017089844,799.869995117188,1.0791929843316417,9,4,0.38461538461538464
2011-06-22,1287.14001464844,799.869995117188,1355.66003417969,1172.53002929688,-13.508549360874387,858.309997558594,696.159973144531,-18.89177859692745,5,11,-0.375
2011-08-09,1172.53002929688,696.159973144531,1287.14001464844,1166.76000976562,-9.352518258528363,799.869995117188,664.580017089844,-16.913995880983485,6,13,-0.3684210526315789
2011-09-21,1166.76000976562,664.580017089844,1172.53002929688,1237.90002441406,5.575123321692648,696.159973144531,733.260009765625,5.329240124725121,7,11,-0.2222222222222222
2011-11-02,1237.90002441406,733.260009765625,1166.76000976562,1225.72998046875,5.054164541941745,664.580017089844,718.059997558594,8.04718455167154,7,8,-0.06666666666666667
2011-12-13,1225.72998046875,718.059997558594,1237.90002441406,1326.06005859375,7.121741048629443,733.260009765625,795.580017089844,8.499032607020064,7,6,0.07692307692307693
2012-01-25,1326.06005859375,795.580017089844,1225.72998046875,1395.94995117188,13.887232377071628,718.059997558594,831.22998046875,15.760519078480112,7,7,0
2012-03-13,1395.94995117188,831.22998046875,1326.06005859375,1390.68994140625,4.873827727006438,795.580017089844,812.119995117188,2.0789835933594265,7,6,0.07692307692307693
2012-04-25,1390.68994140625,812.119995117188,1395.94995117188,1355.68994140625,-2.884058252363009,831.22998046875,784.049987792969,-5.675925289554056,9,6,0.2
2012-06-20,1355.68994140625,784.049987792969,1390.68994140625,1375.31994628906,-1.1052064633219418,812.119995117188,771.130004882812,-5.047282480523227,8,10,-0.1111111111111111
2012-08-01,1375.31994628906,771.130004882812,1355.68994140625,1459.98999023438,7.693503185539615,784.049987792969,856.119995117188,9.192016892582275,9,9,0
2012-09-13,1459.98999023438,856.119995117188,1375.31994628906,1408.75,2.4307110357224317,771.130004882812,813.650024414062,5.513988466537718,13,7,0.3
2012-10-24,1408.75,813.650024414062,1459.98999023438,1428.47998046875,-2.1582346438259847,856.119995117188,829.390014648438,-3.1222235926274715,14,7,0.3333333333333333
2012-12-12,1428.47998046875,829.390014648438,1408.75,1501.9599609375,6.616501220053239,813.650024414062,896.909973144531,10.232894516340412,14,8,0.2727272727272727
2013-01-30,1501.9599609375,896.909973144531,1428.47998046875,1558.7099609375,9.116682225117048,829.390014648438,951.950012207031,14.777124801839317,12,7,0.2631578947368421
2013-03-20,1558.7099609375,951.950012207031,1501.9599609375,1582.69995117188,5.375641983424336,896.909973144531,924.210021972656,3.0437891923993337,12,5,0.4117647058823529
2013-05-01,1582.69995117188,924.210021972656,1558.7099609375,1628.93005371094,4.505013410654379,951.950012207031,986.5,3.6293909711568983,12,5,0.4117647058823529
2013-06-19,1628.93005371094,986.5,1582.69995117188,1685.72998046875,6.509763851359406,924.210021972656,1045.26000976562,13.097670974676511,12,6,0.3333333333333333
2013-07-31,1685.72998046875,1045.26000976562,1628.93005371094,1725.52001953125,5.929657053122937,986.5,1076.96997070312,9.170802909591485,12,7,0.2631578947368421
2013-09-18,1725.52001953125,1076.96997070312,1685.72998046875,1763.31005859375,4.602165176146855,1045.26000976562,1105.5,5.763158417194942,16,9,0.28
2013-10-30,1763.31005859375,1105.5,1725.52001953125,1810.65002441406,4.933585465205798,1076.96997070312,1133.71997070312,5.269413404623501,14,8,0.2727272727272727
2013-12-18,1810.65002441406,1133.71997070312,1763.31005859375,1774.19995117188,0.6175823999333818,1105.5,1122.44995117188,1.5332384596906379,15,11,0.15384615384615385
2014-01-29,1774.19995117188,1122.44995117188,1810.65002441406,1860.77001953125,2.7680664093774396,1133.71997070312,1195.66003417969,5.463435863986368,15,11,0.15384615384615385
2014-03-19,1860.77001953125,1195.66003417969,1774.19995117188,1883.94995117188,6.185886767019063,1122.44995117188,1126.85998535156,0.3928936141050882,15,10,0.2
2014-04-30,1883.94995117188,1126.85998535156,1860.77001953125,1956.97998046875,5.170438040577224,1195.66003417969,1183.13000488281,-1.0479591973212115,15,8,0.30434782608695654
2014-06-18,1956.97998046875,1183.13000488281,1883.94995117188,1970.06994628906,4.571246442274672,1126.85998535156,1146.56994628906,1.7491046974527937,16,5,0.5238095238095238
2014-07-30,1970.06994628906,1146.56994628906,1956.97998046875,2001.56994628906,2.278509042776691,1183.13000488281,1153.89001464844,-2.471409744803678,16,8,0.3333333333333333
2014-09-17,2001.56994628906,1153.89001464844,1970.06994628906,1982.30004882812,0.620795345977301,1146.56994628906,1146.36999511719,-0.017439073169251588,15,7,0.36363636363636365
2014-10-29,1982.30004882812,1146.36999511719,2001.56994628906,2012.89001464844,0.5655594689742207,1153.89001464844,1174.83996582031,1.8155934192959369,14,8,0.2727272727272727
2014-12-17,2012.89001464844,1174.83996582031,1982.30004882812,2002.16003417969,1.0018657550510917,1146.36999511719,1175.11999511719,2.507916302978688,13,9,0.18181818181818182
2015-01-28,2002.16003417969,1175.11999511719,2012.89001464844,2099.5,4.302767896967625,1174.83996582031,1252.14001464844,6.579623699995317,13,10,0.13043478260869565
2015-03-18,2099.5,1252.14001464844,2002.16003417969,2106.85009765625,5.228855920073983,1175.11999511719,1246.94995117188,6.1125635129310085,13,9,0.18181818181818182
2015-04-29,2106.85009765625,1246.94995117188,2099.5,2100.43994140625,0.044769774053346034,1252.14001464844,1268.32995605469,1.2929817126558012,9,10,-0.05263157894736842
2015-06-17,2100.43994140625,1268.32995605469,2106.85009765625,2108.57006835938,0.08163707066978193,1246.94995117188,1229.59997558594,-1.3913931003914426,11,5,0.375
2015-07-29,2108.57006835938,1229.59997558594,2100.43994140625,1990.19995117188,-5.248423821181197,1268.32995605469,1180.68994140625,-6.909875007687746,11,6,0.29411764705882354
2015-09-17,1990.19995117188,1180.68994140625,2108.57006835938,2090.35009765625,-0.8640913089175384,1229.59997558594,1178.71997070312,-4.13793151374895,11,7,0.2222222222222222
2015-10-28,2090.35009765625,1178.71997070312,1990.19995117188,2073.07006835938,4.163909115699856,1180.68994140625,1148.96997070312,-2.6865622879238065,10,6,0.25
2015-12-16,2073.07006835938,1148.96997070312,2090.35009765625,1882.94995117188,-9.921789977521563,1178.71997070312,1002.75,-14.92890381743103,10,7,0.17647058823529413
2016-01-27,1882.94995117188,1002.75,2073.07006835938,2027.21997070312,-2.2117003354616758,1148.96997070312,1074.51000976562,-6.48058372595532,9,9,0
2016-03-16,2027.21997070312,1074.51000976562,1882.94995117188,2095.14990234375,11.269548138536791,1002.75,1154.15002441406,15.098481616959361,10,4,0.42857142857142855
2016-04-27,2095.14990234375,1154.15002441406,2027.21997070312,2071.5,2.1842735340418895,1074.51000976562,1149.30004882812,6.960385513655081,10,5,0.3333333333333333
2016-06-15,2071.5,1149.30004882812,2095.14990234375,2166.580078125,3.409310985402251,1154.15002441406,1218.93005371094,5.61279105199236,9,10,-0.05263157894736842
2016-07-27,2166.580078125,1218.93005371094,2071.5,2163.1201171875,4.422887626719768,1149.30004882812,1245.0400390625,8.330286797777568,8,6,0.14285714285714285
2016-09-21,2163.1201171875,1245.0400390625,2166.580078125,2097.93994140625,-3.168132921177439,1218.93005371094,1162.52001953125,-4.627831925872526,9,5,0.2857142857142857
2016-11-02,2097.93994140625,1162.52001953125,2163.1201171875,2253.28002929688,4.168049263330157,1245.0400390625,1356.02001953125,8.913767990330381,9,4,0.38461538461538464
2016-12-14,2253.28002929688,1356.02001953125,2097.93994140625,2279.55004882812,8.656592299784172,1162.52001953125,1361.22998046875,17.093035612205938,7,5,0.16666666666666666
2017-02-01,2279.55004882812,1361.22998046875,2253.28002929688,2385.26000976562,5.857238281649503,1356.02001953125,1382.82995605469,1.9771047725908708,7,2,0.5555555555555556
2017-03-15,2385.26000976562,1382.82995605469,2279.55004882812,2388.1298828125,4.763213426272397,1361.22998046875,1390.92004394531,2.181120303149362,6,1,0.7142857142857143
2017-05-03,2388.1298828125,1390.92004394531,2385.26000976562,2437.919921875,2.2077220887359137,1382.82995605469,1417.56994628906,2.512238766759552,6,5,0.09090909090909091
2017-06-14,2437.919921875,1417.56994628906,2388.1298828125,2477.830078125,3.756085293269732,1390.92004394531,1442.28002929688,3.6925188888563776,6,3,0.3333333333333333
2017-07-26,2477.830078125,1442.28002929688,2437.919921875,2508.23999023438,2.884428964561599,1417.56994628906,1445.42004394531,1.9646365760755922,6,3,0.3333333333333333
2017-09-20,2508.23999023438,1445.42004394531,2477.830078125,2579.36010742188,4.0975380109078685,1442.28002929688,1492.78002929688,3.5014004891005146,7,7,0
2017-11-01,2579.36010742188,1492.78002929688,2508.23999023438,2662.85009765625,6.164087488590859,1445.42004394531,1524.44995117188,5.467608364614614,6,6,0
2017-12-13,2662.85009765625,1524.44995117188,2579.36010742188,2823.81005859375,9.477154836522708,1492.78002929688,1574.97998046875,5.506501263323258,6,4,0.2
2018-01-31,2823.81005859375,1574.97998046875,2662.85009765625,2711.92993164062,1.8431316891464673,1524.44995117188,1579.30004882812,3.5980254788998125,6,1,0.7142857142857143
2018-03-21,2711.92993164062,1579.30004882812,2823.81005859375,2635.669921875,-6.662634271245683,1574.97998046875,1554.91003417969,-1.2742985014378865,9,1,0.8
2018-05-02,2635.669921875,1554.91003417969,2711.92993164062,2775.6298828125,2.348878945163005,1579.30004882812,1676.5400390625,6.157157425945405,7,1,0.75
2018-06-13,2775.6298828125,1676.5400390625,2635.669921875,2813.36010742188,6.741746531768753,1554.91003417969,1669.26000976562,7.354121657993969,6,2,0.5
2018-08-01,2813.36010742188,1669.26000976562,2775.6298828125,2905.96997070312,4.695874212110317,1676.5400390625,1691.60998535156,0.8988718394990985,7,1,0.75
2018-09-26,2905.96997070312,1691.60998535156,2813.36010742188,2806.830078125,-0.23210783716074018,1669.26000976562,1578.2099609375,-5.454515671342555,6,1,0.7142857142857143
2018-11-08,2806.830078125,1578.2099609375,2905.96997070312,2506.9599609375,-13.73069969023378,1691.60998535156,1349.22998046875,-20.239890273032092,6,2,0.5
2018-12-19,2506.9599609375,1349.22998046875,2806.830078125,2681.05004882812,-4.481212820011632,1578.2099609375,1486.93994140625,-5.783135437634236,6,1,0.7142857142857143
2019-01-30,2681.05004882812,1486.93994140625,2506.9599609375,2824.22998046875,12.655567878020838,1349.22998046875,1543.16003417969,14.37338752608838,5,1,0.6666666666666666
2019-03-20,2824.22998046875,1543.16003417969,2681.05004882812,2923.72998046875,9.05167479983094,1486.93994140625,1576.38000488281,6.015042099950148,4,4,0
2019-05-01,2923.72998046875,1576.38000488281,2824.22998046875,2926.4599609375,3.6197470169119312,1543.16003417969,1555.57995605469,0.8048369320037605,4,3,0.14285714285714285
2019-06-19,2926.4599609375,1555.57995605469,2923.72998046875,2980.3798828125,1.9375900894468903,1576.38000488281,1574.60998535156,-0.11228381010716926,5,2,0.42857142857142855
2019-07-31,2980.3798828125,1574.60998535156,2926.4599609375,3006.72998046875,2.7429051004523317,1555.57995605469,1568.33996582031,0.8202734752369996,5,1,0.6666666666666666
2019-09-18,3006.72998046875,1568.33996582031,2980.3798828125,2970.27001953125,-0.3392139149627332,1574.60998535156,1511.90002441406,-3.982571018911637,6,2,0.5
2019-10-11,2970.27001953125,1511.90002441406,3006.72998046875,3046.77001953125,1.3316805739987914,1568.33996582031,1572.84997558594,0.2875658252623226,2,2,0
2019-10-30,3046.77001953125,1572.84997558594,2970.27001953125,3141.6298828125,5.769167858627647,1511.90002441406,1631.93005371094,7.939018940316367,5,2,0.42857142857142855
2019-12-11,3141.6298828125,1631.93005371094,3046.77001953125,3273.39990234375,7.438365264187788,1572.84997558594,1649.21997070312,4.855516819951603,5,2,0.42857142857142855
2020-01-29,3273.39990234375,1649.21997070312,3141.6298828125,3003.3701171875,-4.400892873517771,1631.93005371094,1486.07995605469,-8.937276283661364,4,2,0.3333333333333333
2020-03-03,3003.3701171875,1486.07995605469,3273.39990234375,3003.3701171875,-8.249214676242552,1649.21997070312,1486.07995605469,-9.891949985233184,6,1,0.7142857142857143
2020-03-03,3003.3701171875,1486.07995605469,3003.3701171875,2409.38989257812,-19.777123745428074,1486.07995605469,1058.75,-28.75551576573203,6,1,0.7142857142857143
2020-03-19,2409.38989257812,1058.75,3003.3701171875,2237.39990234375,-25.503690353057163,1486.07995605469,1002.40002441406,-32.54736931683841,0,2,-1
2020-03-23,2237.39990234375,1002.40002441406,2409.38989257812,2584.59008789062,7.271558490893747,1058.75,1153.09997558594,8.911449878246989,4,3,0.14285714285714285
2020-03-31,2584.59008789062,1153.09997558594,2237.39990234375,2939.51000976562,31.38062653378981,1002.40002441406,1360.76000976562,35.75019718909471,2,1,0.3333333333333333
2020-04-29,2939.51000976562,1360.76000976562,2584.59008789062,3190.13989257812,23.429239612294253,1153.09997558594,1467.39001464844,27.256096237691413,6,9,-0.2
2020-06-10,3190.13989257812,1467.39001464844,2939.51000976562,3258.43994140625,10.849765116671934,1360.76000976562,1500.63000488281,10.27881434737941,7,7,0
2020-07-29,3258.43994140625,1500.63000488281,3190.13989257812,3484.55004882812,9.228753790231803,1467.39001464844,1564.56005859375,6.621964370432913,7,6,0.07692307692307693
2020-08-27,3484.55004882812,1564.56005859375,3258.43994140625,3385.48999023438,3.8991066618615906,1500.63000488281,1552.32995605469,3.445216409351848,2,2,0
2020-09-16,3385.48999023438,1552.32995605469,3484.55004882812,3510.44995117188,0.7432782419776216,1564.56005859375,1660.05004882812,6.103312538874208,11,7,0.2222222222222222
2020-11-05,3510.44995117188,1660.05004882812,3385.48999023438,3701.169921875,9.324497563165597,1552.32995605469,1952.71997070312,25.792842113672638,7,8,-0.06666666666666667
2020-12-16,3701.169921875,1952.71997070312,3510.44995117188,3750.77001953125,6.845848016694979,1660.05004882812,2108.69995117188,27.026287711052788,9,8,0.058823529411764705
2021-01-27,3750.77001953125,2108.69995117188,3701.169921875,3974.1201171875,7.374700461583357,1952.71997070312,2336.38989257812,19.647974498711722,10,10,0
2021-03-17,3974.1201171875,2336.38989257812,3750.77001953125,4183.18017578125,11.528570240199375,2108.69995117188,2304.15991210938,9.269216363801588,10,8,0.1111111111111111
2021-04-28,4183.18017578125,2304.15991210938,3974.1201171875,4223.7001953125,6.280134237654315,2336.38989257812,2314.68994140625,-0.9287812466918739,14,7,0.3333333333333333
2021-06-16,4223.7001953125,2314.68994140625,4183.18017578125,4400.64013671875,5.198436400050285,2304.15991210938,2224.9599609375,-3.437259313281565,13,6,0.3684210526315789
2021-07-28,4400.64013671875,2224.9599609375,4223.7001953125,4395.64013671875,4.070836788962211,2314.68994140625,2218.56005859375,-4.15303497426951,15,5,0.5
2021-09-22,4395.64013671875,2218.56005859375,4400.64013671875,4660.56982421875,5.90663356749301,2224.9599609375,2404.28002929688,8.059473945941141,15,6,0.42857142857142855
2021-11-03,4660.56982421875,2404.28002929688,4395.64013671875,4709.85009765625,7.148218488423644,2218.56005859375,2195.2099609375,-1.05248886843526,13,7,0.3
2021-12-15,4709.85009765625,2195.2099609375,4660.56982421875,4349.93017578125,-6.665271847731032,2404.28002929688,1976.4599609375,-17.79410314714854,12,7,0.2631578947368421
2022-01-26,4349.93017578125,1976.4599609375,4709.85009765625,4357.85986328125,-7.473491238079105,2195.2099609375,2030.71997070312,-7.493132463927591,9,6,0.2
2022-03-16,4357.85986328125,2030.71997070312,4349.93017578125,4300.169921875,-1.1439322447816769,1976.4599609375,1949.92004394531,-1.3428006393613583,7,5,0.16666666666666666
2022-05-04,4300.169921875,1949.92004394531,4357.85986328125,3789.98999023438,-13.030934698742067,2030.71997070312,1731.14001464844,-14.752401137363755,6,7,-0.07692307692307693
2022-06-15,3789.98999023438,1731.14001464844,4300.169921875,4023.61010742188,-6.431369445338844,1949.92004394531,1848.33996582031,-5.20944837919975,4,6,-0.2
2022-07-27,4023.61010742188,1848.33996582031,3789.98999023438,3789.92993164062,-0.0015846636512169337,1731.14001464844,1762.16003417969,1.7918839186181916,4,4,0
2022-09-21,3789.92993164062,1762.16003417969,4023.61010742188,3759.68994140625,-6.559287778127596,1848.33996582031,1789.14001464844,-3.2028713476201074,4,4,0
2022-11-02,3759.68994140625,1789.14001464844,3789.92993164062,3995.32006835938,5.419365012636232,1762.16003417969,1820.44995117188,3.307867382165705,5,6,-0.09090909090909091
2022-12-14,3995.32006835938,1820.44995117188,3759.68994140625,4119.2099609375,9.562491193004535,1789.14001464844,1960.81005859375,9.595115113393883,5,6,-0.09090909090909091
2023-02-01,4119.2099609375,1960.81005859375,3995.32006835938,3936.96997070312,-1.4604611559999652,1820.44995117188,1727.35998535156,-5.113569080017559,5,5,0
2023-03-22,3936.96997070312,1727.35998535156,4119.2099609375,4090.75,-0.690908237438393,1960.81005859375,1739.28002929688,-11.297883154258525,4,4,0
2023-05-03,4090.75,1739.28002929688,3936.96997070312,4372.58984375,11.064851301598342,1727.35998535156,1874.09997558594,8.495043967602088,3,4,-0.14285714285714285
2023-06-14,4372.58984375,1874.09997558594,4090.75,4566.75,11.636008066980382,1739.28002929688,1980.35998535156,13.860905201800012,3,4,-0.14285714285714285
2023-07-26,4566.75,1980.35998535156,4372.58984375,4402.2001953125,0.6771810899397257,1874.09997558594,1810.09997558594,-3.41497256463014,3,4,-0.14285714285714285
2023-09-20,4402.2001953125,1810.09997558594,4566.75,4237.85986328125,-7.20184237627963,1980.35998535156,1669.69995117188,-15.687048641539311,4,5,-0.1111111111111111
2023-11-01,4237.85986328125,1669.69995117188,4402.2001953125,4707.08984375,6.9258469608481015,1810.09997558594,1947.51000976562,7.59129528937757,5,4,0.1111111111111111
2023-12-13,4707.08984375,1947.51000976562,4237.85986328125,4845.64990234375,14.34190980047901,1669.69995117188,1947.33996582031,16.62813815461683,5,5,0
2024-01-31,4845.64990234375,1947.33996582031,4707.08984375,NA,NA,1947.51000976562,NA,NA,7,2,0.5555555555555556
